delta,noise,hazard,delay,memory,cost,n_needed,n_avail,ratio,log10_ratio,best_fixed,theta,gate_confidence,gate_min_evidence,np_always,np_default,np_band,np_gate_gain,np_gate_lcb,adv_gate_lcb,adv_gate_lcb_lo,adv_gate_lcb_hi,adv_gate_gain,adv_gate_gain_lo,adv_gate_gain_hi,adv_band,adv_band_lo,adv_band_hi
24.849442166249442,4.4800668479237995,0.0023866564801341052,7.399194708277345,0.9904332814807846,20.0,453.9992003168361,186.0,2.408479479851803,0.38174295049471535,default,50.0,0.8,3.0,-1646.1576093659257,29.17069286839948,844.9270954323425,-317.13103343319057,210.45414927044297,181.28345640204353,-1564.2271083254375,2084.2667710027476,-346.3017263015901,-1985.1924918219809,1547.5836967080368,815.7564025639431,-234.78475219871856,1913.7578978377421
27.673287467486006,13.746418361722917,0.005934857031521232,4.781291518702079,0.9496277930017694,20.0,383.8238492542612,136.0,4.337208501899248,0.637210300416631,default,50.0,0.8,3.0,-422.3523367789592,1146.4744514648232,770.0321926743255,171.20516928157758,240.35412746972665,-906.1203239950966,-3351.3556877803617,995.8131241658906,-975.2692821832455,-3374.064531321916,862.0451329180559,-376.44225879049765,-2354.0493439559514,1137.1949421224992
29.786836294787243,5.089046823244006,0.0027245163340157683,9.027827221449032,0.9807331560721265,20.0,459.8766500535869,120.0,3.5301926270956763,0.5477984035754377,default,50.0,0.8,3.0,-2297.1035753151973,2350.9366218885248,1760.1448456088208,163.18312824186077,561.5069956718174,-1789.4296262167074,-3102.099960833802,-586.6685999351585,-2187.7534936466636,-3492.2654037406614,-975.9012094196518,-590.7917762797036,-1671.8393791330675,305.6619535459882
12.10045344162705,8.884605304429423,0.01515137977328569,6.68380253706782,0.9215194866366118,20.0,116.74824516956578,36.0,3.234091965458441,0.5097523654538851,default,50.0,0.8,3.0,-669.7124906247282,554.2229768269156,414.7929138539251,-336.8801788541519,-229.38390823772002,-783.6068850646355,-1606.5307547040914,-145.5383282038708,-891.1031556810673,-1748.0556766562665,-255.82713634393008,-139.43006297299044,-1173.2225855951854,856.7841121633031
16.759816115954596,10.203747634553508,0.0040412812560546236,9.751315596171564,0.9765293310421115,20.0,270.4406649125533,106.0,3.3328426115399954,0.5228148052436078,default,50.0,0.8,3.0,-2528.802669970272,952.7855367383054,1303.65507016399,-1251.7250887275763,-1198.970575709836,-2151.7561124481417,-4689.443849960582,187.51694416308763,-2204.5106254658817,-4369.087748250901,-81.13450284705102,350.86953342568495,-656.6553505358746,1355.6935415367923
3.261224855068672,8.159887868462176,0.020733301440792915,6.0909025421199985,0.907927888689073,20.0,70.33428163178105,28.0,3.4504714345272105,0.5378784363562596,default,50.0,0.8,3.0,404.0004436807062,1474.400970214421,-451.89228802143515,673.8937836871429,1093.6884096541605,-380.71256056026067,-1447.777654671398,737.6780052280977,-800.5071865272781,-2008.2589262153433,528.9916896593396,-1926.293258235856,-4168.350977260513,333.0105227317485
24.148502499942044,7.343222043181914,0.01173128191843986,1.0356239472301128,0.9852202254134582,20.0,32.49720903581189,55.5,0.5770038260381096,-0.23882130708390542,default,50.0,0.8,3.0,766.4275927882827,283.85913993671915,909.9752074508339,775.073931755333,764.411761278909,480.55262134218987,-201.56925870952992,1094.4638615150814,491.2147918186137,-227.918879405607,1155.9699803164128,626.1160675141147,307.5066315693438,954.1995781237785
6.876052885311569,10.568523213111655,0.004559216242888496,1.7881570425905857,0.9132967806052066,20.0,57.84205990789596,128.0,0.476563898758476,-0.3218788599413455,default,50.0,0.8,3.0,808.2401333764219,-33.07692385998157,676.3580803827257,723.4310609843078,721.4933843382223,754.5703081982037,-525.1970764942024,2088.757553928744,756.5079848442892,-533.9734278006237,2101.7004410689633,709.4350042427074,-53.569383676402346,1460.484066776586
4.213583827605769,12.205667494397979,0.003373744543512361,5.489676962932871,0.9462798690003528,20.0,140.32881434853937,148.0,0.7929602412160167,-0.10074858752901089,always,50.0,0.8,3.0,1195.3026948504873,1540.4553174540151,1814.26904759869,1388.0455967277178,1373.2197519154677,177.91705706497996,-36.23854362456669,449.0150034173078,192.74290187723022,0.7051587776650259,436.5940981093183,618.9663527482024,-891.8171601178793,2409.2508111223433
12.859554236020731,6.4021102989514596,0.00820730946472177,3.975403302806276,0.9678217918664787,20.0,47.43825308251681,59.5,0.6141196288027484,-0.21174702125570283,default,50.0,0.8,3.0,425.3630425028821,1430.4098701690484,68.80981500153712,325.1177781475636,488.1149629158552,-942.294907253193,-2463.9466920982672,1228.1427438172266,-1105.292092021485,-2552.95242043258,964.5989657134393,-1361.6000551675113,-2856.2241184330724,117.19546111194123
10.251452442331122,2.5191431983615833,0.02702273971544567,3.3258227094844246,0.9275163354719781,20.0,43.636667969599394,33.0,1.709792464672855,0.23294339874463676,default,50.0,0.8,3.0,624.2739969666345,638.2172821296358,724.3252839790724,579.5432713988581,551.3321816007007,-86.88510052893515,-1610.0015536272133,1119.8980547551903,-58.67401073077763,-1710.4037023710705,1182.8502501468724,86.10800184943669,-430.28377824325,602.2861224599704
22.43204412236479,0.7440973944677733,0.04790070315148611,7.791112664688315,0.9008928610317654,20.0,30.536574386897634,13.0,2.521357006278306,0.4016343430502888,default,50.0,0.8,3.0,-2344.273469620271,1343.8384981086367,690.7643896176361,-1557.6393771056828,-1645.7778910693517,-2989.6163891779884,-3804.91699026495,-2166.5411682103636,-2901.4778752143197,-3910.8912011789344,-1903.8071681588299,-653.0741084910006,-1593.435221801632,100.6959031704269
19.746294052847198,0.9417518357765565,0.03904803241648865,0.05340663555307164,0.9337323654012017,20.0,20.397124763742198,19.0,1.1949703394623383,0.0773571257295949,default,50.0,0.8,3.0,1027.6698094893866,910.1436469029965,1198.6038790329128,898.255840793489,904.5145500719682,-5.629096831028448,-769.7355943403012,752.9494018158875,-11.887806109507494,-864.7631073001418,809.909938411372,288.4602321299162,-168.31877842166563,789.1178878016013
8.868626003915224,3.0788753288637905,0.028127795374836013,8.403411348781102,0.9590638618855327,20.0,78.10593700676456,23.0,4.105161509773915,0.6133302482821951,default,50.0,0.8,3.0,-616.351261834538,1248.6106300359913,502.44559926978076,-376.89193674537825,-438.5470593899193,-1687.1576894259106,-2558.103335933888,-798.0639086401328,-1625.5025667813695,-2535.9169948716985,-680.455383722397,-746.1650307662106,-1411.2571705680784,-125.7016937248214
14.455609021952666,11.893224701142605,0.006971133947770354,2.546102192919703,0.9364916102233269,20.0,47.05052787366806,81.5,0.4846687176724813,-0.3145550103590445,default,50.0,0.8,3.0,741.9095830441798,1586.6228135838394,1397.5255985381011,744.8632708146129,749.286941674416,-837.3358719094236,-2133.539173851312,459.2564737690742,-841.7595427692266,-2138.515652649539,467.634227793373,-189.09721504573838,-1461.6540031704424,927.9157910978647
18.594530114994903,14.7596773147395,0.01267009607477128,2.347666850113485,0.9599372323680776,20.0,54.98529100071249,46.0,1.4216770604762217,0.15280095590062143,default,50.0,0.8,3.0,695.9226820873455,957.6631948021283,1038.5340305424222,779.5105723980855,737.2120596944806,-220.45113510764756,-1759.2512383751066,1165.5802316276104,-178.15262240404272,-1720.798036437305,1184.191620691945,80.87083574029407,-1296.455980060244,1433.2689555507322
