family,sigma,tau,hazard,avail,memory,default,cost,perfect,n_needed,n_avail,ratio,log10_ratio,best_fixed,adv_gate_lcb,adv_gate_lcb_lo,adv_gate_lcb_hi,adv_gate_gain,adv_gate_gain_lo,adv_gate_gain_hi,adv_band,adv_band_lo,adv_band_hi,adv_bocpd,adv_bocpd_lo,adv_bocpd_hi,adv_dro,adv_dro_lo,adv_dro_hi,np_always,np_band,np_bocpd,np_default,np_dro,np_gate_gain,np_gate_lcb,np_oracle
switch,33.13258955499926,15.191740471737408,0.004854566697934037,0.7405984313771261,0.9925126308215434,fixed_initial,1.0,False,35.03944045124329,72.0,0.5607967310400632,-0.2511945265952492,always,-1.335385248961196,-1.7149189200243449,-0.9841329176313093,-0.20517118032989928,-0.31788494245407756,-0.10898619438526398,-2.0340981989733704,-2.4805333459694174,-1.6148027051837879,0.6648214718950343,0.12951846555920785,1.1592827453006032,-0.8234108151082381,-1.1794368759545177,-0.4795474438460748,-51.47137727947976,-53.50547547845313,-50.80655580758473,-62.89999199144411,-52.294788094588,-51.67654845980966,-52.806762528440956,-46.91794898367219
switch,36.89771662331468,11.924188923329982,0.022468279842112568,0.8608836379363041,0.9451728348070869,fixed_initial,1.0,False,34.86932060732479,24.0,1.7962331444369184,0.25436270581179815,always,-4.85099832120549,-5.23052663544868,-4.44548669920758,-0.7621209898363233,-1.0702979814073126,-0.5150187037317451,-1.9959226195056416,-2.2969940393314436,-1.6426882304095287,-0.9758184296859135,-1.4873725905969046,-0.41591396346607534,-3.020926103376984,-3.469265555969438,-2.5674045012102993,-60.31853234001907,-62.31445495952471,-61.29435076970498,-69.20886464698837,-63.339458443396055,-61.08065332985539,-65.16953066122456,-52.606001378175414
switch,39.71578172638299,19.152949278984078,0.04313966923908275,0.8200375655626508,0.9237173749901022,fixed_initial,1.0,False,44.078900837592016,13.0,3.7915042864651864,0.5788115513121963,always,-3.487370387744545,-3.9856973085130725,-2.946075283162077,-1.2095563210216838,-1.4489017533749093,-0.9588986751637549,-1.1823297216626685,-1.4297544602366066,-0.9504452861559218,-3.5401445504735447,-4.009759387328385,-3.052698777991146,-3.57314109903205,-4.110519152502729,-3.0884326362091983,-66.59837059726125,-67.78070031892392,-70.1385151477348,-70.98963990638593,-70.1715116962933,-67.80792691828293,-70.0857409850058,-56.412278346751705
switch,18.467271255502734,9.557475942237438,0.0037093622086280496,0.9913979484396667,0.9878511292026371,fixed_initial,1.0,False,12.380650607241243,136.0,0.08674197550785762,-1.0617706912212468,always,-0.36904472678141287,-0.5960989884960769,-0.06888834802336577,0.09381171356936804,-0.052474207869695505,0.33647154500353793,-0.4413266750872076,-0.7546044899493647,-0.015232926415072675,1.410195570685063,0.9762726298657879,1.9165904804124283,0.3102531510541812,0.030903542114424004,0.6018408214032995,-30.442345816087983,-30.883672491175183,-29.032150245402914,-55.261249866324555,-30.1320926650338,-30.348534102518613,-30.81139054286939,-26.896081121618874
switch,24.679754821272795,21.325692505008888,0.009801539180583966,0.7146702095959108,0.9014621669128369,fixed_initial,1.0,False,28.418789550702975,53.0,1.3515034298177877,0.13081715217980455,always,-6.8551761701152145,-7.4979102800054775,-6.061454488523792,-1.2031001095683507,-1.5017265325314422,-0.9008305157060207,-2.209558887902034,-2.611082653464459,-1.7953489839285393,3.951753162378645,3.330118457600033,4.5848169064057975,-0.30761940142859245,-0.6539021601741557,0.03994647327045094,-44.33071742986094,-46.540276317762974,-40.378964267482296,-58.70516376922443,-44.638336831289536,-45.53381753942929,-51.185893599976154,-36.062152459374246
switch,6.681633140091563,28.856633222920546,0.019186866294873314,0.5437079228969841,0.9529363125352207,fixed_initial,1.0,False,4.068956714327594,20.0,0.5405760051847447,-0.26714323545404,always,-2.193888693099718,-3.1421696326229918,-1.3435342327893283,-0.342234854028289,-0.584124815573855,-0.14404335392681436,-0.6200705804969907,-1.1026730583781144,-0.1739587485716641,8.985588917654898,8.212050288218146,9.719423564637168,-0.03791233426481142,-1.2307648176421628,0.9317040511932477,-38.29367882796957,-38.91374940846656,-29.308089910314674,-67.99453199095764,-38.33159116223438,-38.63591368199786,-40.487567521069295,-10.345748441421218
switch,32.198003333256054,16.953824649449434,0.011289854080344254,0.23701781649645398,0.9607820331436016,fixed_initial,1.0,False,26.164990599621245,16.0,2.7205459981789266,0.434656073225347,always,-3.404983992558903,-4.528340567799396,-2.1406493694898936,-0.9412802706177217,-1.2912104844312862,-0.6206167970816364,-1.9965249053219545,-2.6189409082502535,-1.2716573554830064,-0.20286865305333635,-1.0218324727951094,0.6240868435784629,-4.278089176388957,-5.143158189808346,-3.4754801435060925,-56.94436438622462,-58.94088929154657,-57.14723303927796,-62.91314047275868,-61.22245356261358,-57.88564465684234,-60.34934837878352,-46.00106348849701
switch,11.501403847082093,23.76799495371415,0.002757357098292909,0.4987789308733068,0.9419541190790525,fixed_initial,1.0,False,39.09500453211231,112.0,0.41882563506254156,-0.3779667443153438,always,-1.5932607370339498,-3.493954797894914,0.6639760276147663,-0.25747081569169483,-0.8207113966717263,0.3350891507754149,-1.1190698553048484,-1.9211805156101236,-0.09630581580422672,4.894957422751025,3.406472207471488,6.218537292932836,0.8091868755253777,-0.05996902417073496,1.5334132958008677,-29.79876848926263,-30.91783834456748,-24.903811066511608,-51.10591816355812,-28.989581613737254,-30.056239304954328,-31.392029226296586,-16.824116774966843
switch,7.951445103474359,13.407760786052641,0.03003126965517219,0.45309035026090655,0.9372979531115856,fixed_initial,1.0,False,2.8503359220656916,11.0,0.579531857298807,-0.23692268555232524,always,-1.844813372798469,-2.20318072046614,-1.5191855538807857,-0.3247109691578558,-0.4586649726227465,-0.19857285224575738,-1.6154774477495017,-1.9364290139831135,-1.303473769644231,3.6873427556757568,2.8473978672300286,4.5274711263916485,-0.5943038531624296,-1.5300525741439854,0.48379207872520047,-38.05258330394555,-39.66806075169505,-34.365240548269796,-63.99726712480019,-38.64688715710798,-38.37729427310341,-39.89739667674402,-12.092017816518254
switch,19.47940564802764,5.665540358788083,0.0069339148095618084,0.6083732434969696,0.9717897479350112,fixed_initial,1.0,False,15.851300543671906,48.0,0.6571658173221032,-0.18232503460775068,always,-0.6991638076204317,-0.9567403768985134,-0.44072859545234844,-0.1239500618598555,-0.18387480914442939,-0.06927242944350734,-1.3151942205192406,-1.7207772154207324,-0.9572074085410426,4.340267720855051,3.8442621824510237,4.887772670997687,0.19514088554520867,-0.18431364510079543,0.5558930451089792,-36.10993216466721,-37.42512638518645,-31.76966444381216,-56.68064701248761,-35.914791279122,-36.233882226527065,-36.809095972287636,-28.127723335508925
switch,16.00193658977483,0.546182854638197,0.01408404942506562,0.67258940096773,0.908568240441022,fixed_initial,1.0,False,6.144287780831707,31.0,0.4504687964320725,-0.3463352868307721,always,-2.2729029364714286,-2.7983973809169265,-1.77256991904191,-0.21063757501903665,-0.28604078359042273,-0.13690393451404465,-1.702611812147051,-1.9322781077796627,-1.482607894912891,5.227402150377559,4.560888105997431,5.908112430058485,-0.8878003958103889,-1.5758804020499466,-0.1497044751576282,-36.28628211506552,-37.98889392721257,-31.058879964687964,-58.46026346266839,-37.174082510875905,-36.49691969008455,-38.55918505153694,-23.626993545835994
switch,29.909392163153054,2.0387573213823553,0.037017494013486085,0.2951191008369384,0.9648498993122204,fixed_initial,1.0,False,12.76074957741692,6.0,1.9717697888066907,0.2948562081269068,always,-3.1087715423194866,-3.801412034380178,-2.5065957169410784,-0.9120338298133618,-1.1568394332137097,-0.6679986292288544,-0.8733660369009272,-1.2567741665815895,-0.5573914300681985,-0.5034787297702202,-0.9364142829628233,-0.08521234924187115,-3.498922025891376,-4.228903950221097,-2.706461626230736,-57.59803848048475,-58.47140451738568,-58.101517210254976,-62.92511862310222,-61.09696050637613,-58.510072310298106,-60.706810022804234,-42.96078685850979
switch,12.328392070462929,7.657835304429781,0.007275835355827665,0.9125677485061356,0.9810318602670429,fixed_initial,1.0,False,11.91510070092651,90.0,0.16413980634574243,-0.7847860832986935,always,-0.3903354975583227,-0.5518289457921842,-0.2413197130224739,0.028142438854694873,-0.05043670307372799,0.12542530397522855,-1.5960737311196946,-1.851580098754375,-1.3059737399435412,2.1782758181064126,1.368801095230231,2.936937294847032,2.743555920727256,2.2785663637743254,3.138099582185555,-27.568398013330256,-29.16447174444995,-25.390122195223842,-56.35739247488401,-24.824842092603,-27.54025557447556,-27.958733510888578,-18.067353098022256
switch,23.491501338553633,25.37417215650471,0.0024476951651169337,0.3771368712093376,0.9280099113242439,fixed_initial,1.0,False,33.71257383227557,111.0,0.3928979918537828,-0.40572019091089623,always,-4.202560738887211,-5.64157156773211,-2.563800299229622,-0.6368548829604599,-1.2723689031448377,0.023202949885282115,-1.3947079025862124,-2.2154608873986583,-0.5134649764885627,3.536897424157497,2.747965461223353,4.397536247543199,-0.9654287290558742,-1.5107065395037524,-0.5650082840775718,-40.53784274093899,-41.932550643525204,-37.0009453167815,-53.2930739635756,-41.50327146999487,-41.174697623899455,-44.740403479826206,-33.5698731539842
switch,26.274145362603555,27.587407774864584,0.004507585860184194,0.33150828072006966,0.91668409117011,fixed_initial,1.0,False,39.11021172089941,31.5,1.0824115317014145,0.03439241046282362,always,-5.9098041215040755,-7.054937992612796,-4.708781438423624,-1.2856543856439047,-1.7942387456370303,-0.7504115594544718,-2.218052141990781,-3.2547610803471696,-1.1439428576916548,3.7711168454151696,2.962905957264556,4.740295113831928,-1.4592788139654786,-2.0913233930066624,-0.7544940725863849,-47.69658442490712,-49.914636566897904,-43.92546757949195,-58.790029379941984,-49.1558632388726,-48.98223881055103,-53.606388546411196,-37.25405126487063
drift,12.259259147680952,24.099133812716275,0.002942071370644413,0.21902657913192666,0.9585991758898706,fixed_initial,1.0,False,21.35623718439281,71.5,0.5993800993532805,-0.2222976806171564,always,-2.442083933003869,-4.25675528810749,-0.5467837935753862,-0.7302926090418935,-1.3802508005075576,-0.004250896399154737,0.4879302894027269,-0.054355271565738106,1.1023052755937828,2.4258158019973655,1.5008417713434572,3.300317567432746,0.07022191820197961,-0.6059062063824511,0.7494311260974658,-27.92842951963068,-27.44049923022795,-25.502613717633313,-61.02227150315002,-27.8582076014287,-28.658722128672572,-30.370513452634547,-18.240822524493243
drift,18.86046135966613,28.641734278054567,0.0031167859905675316,0.8560895850718833,0.9080284949491788,fixed_initial,1.0,False,11.03825893563856,272.0,0.05608088577266336,-1.251185135498924,always,-2.9230804435046993,-3.941918256648504,-1.9772895288366095,-0.43810770016560385,-0.74955090927067,-0.14329259363266758,-0.665446622996177,-0.9601069996685344,-0.373965819141245,3.1415665044909633,2.8317741036634168,3.41554820463259,-0.9577802676827716,-1.3298993415664904,-0.5502421300866094,-35.39688117682946,-36.06232779982564,-32.25531467233849,-57.25195349309281,-36.354661444512224,-35.83498887699506,-38.319961620334155,-27.692719358884762
drift,33.361015292020475,21.985701126117977,0.011579103616833007,0.44024303733008957,0.9208103608925545,fixed_initial,1.0,False,25.718196019141327,38.0,0.7725354469653888,-0.1120815843066425,always,-4.554166822676282,-5.836504968665422,-3.21726764715735,-0.2528205289779109,-0.4554449157934993,-0.06937676585135093,-0.43948559773734175,-0.7654927549903039,-0.0752291234672382,-1.8991030727593539,-2.8254845497878103,-0.7650446931723427,-1.1001504462744585,-1.597608708035084,-0.4880483306334345,-53.04563849605445,-53.48512409379178,-54.9447415688138,-79.5531033825151,-54.145788942328906,-53.29845902503236,-57.59980531873073,-47.72256108526493
drift,10.784348679998468,12.543222616304103,0.02238199070215364,0.6086136338010983,0.9396528806765453,fixed_initial,1.0,False,7.409603872128585,27.0,0.3127141719311426,-0.5048524364672485,always,-1.489839422543208,-1.8960393928453525,-1.0487802626056548,0.12400737702018247,-0.08789720465200525,0.3564516583651813,-0.46137845826294493,-0.8441189583798818,-0.0683812964034286,2.297234819115839,0.9525232979184716,3.7379314572998705,3.321094392059115,1.9805781494709624,4.731088178152211,-29.399766744057224,-29.86114520232017,-27.10253192494138,-75.24668824094117,-26.078672351998108,-29.27575936703704,-30.88960616660043,-16.01318299340139
drift,23.32739063647661,22.241033677192103,0.006505112247473003,0.29189730661288327,0.9270867326890572,fixed_initial,1.0,False,21.612437850174675,46.0,0.5329709706794838,-0.2732964450391827,always,-3.156965986886596,-4.3336290653144145,-2.1086436864306877,-0.04342924471955882,-0.3334244773805763,0.21072525219334504,0.05346648499487401,-0.45561948239745054,0.5369458181482178,1.5548794598788056,1.1278228846607057,2.016937756285821,-0.5084618285510629,-1.0707055799118814,0.07777205140881284,-40.59791675398274,-40.54445026898786,-39.04303729410393,-65.87307973643847,-41.10637858253379,-40.64134599870229,-43.75488274086933,-33.4916185078929
drift,27.64036403272777,27.40899711254865,0.00972501360867938,0.9962385226265009,0.9925084328042967,fixed_initial,1.0,False,9.273820458257978,103.0,0.09904781429952869,-1.004155103650191,always,-1.173296056528433,-1.466013523497179,-0.8505580831914742,-0.1922449343076032,-0.3064549683425169,-0.08012331743353608,-0.372630505898038,-0.7307296119387209,-0.045261419727904505,0.18896037404138255,-0.49179738607735884,0.9411318553018824,-0.9230896232093656,-1.2424047068936706,-0.5584980824794852,-45.026717233376225,-45.39934773927426,-44.83775685933484,-82.71173500737152,-45.94980685658559,-45.21896216768382,-46.20001328990465,-39.462201546027025
drift,38.14856512539537,7.605804491569456,0.04766411338347056,0.8997853244392271,0.9553146029804929,fixed_initial,1.0,False,29.72006917879034,19.0,1.5628176684077124,0.19390831248914192,always,-2.304531738011561,-2.7512672624905004,-1.892541113097903,-0.2683221241350374,-0.44761594820844813,-0.10700026176371577,-0.7970242025790704,-1.0794901027643473,-0.48205028423549573,-2.9577301213951825,-3.887826009107977,-1.9813634932168285,-1.5721686861634552,-2.032361170546427,-1.0354002559461017,-59.355966719106405,-60.152990921685465,-62.313696840501585,-81.61440367581766,-60.928135405269856,-59.62428884324144,-61.66049845711795,-53.878533711168906
drift,21.256536612710455,4.160175861785591,0.01619391203682062,0.8024630749457702,0.9187367553446216,fixed_initial,1.0,False,9.295465563031328,50.0,0.1982385595989018,-0.7028118665396488,always,-1.7969967702587397,-2.095017125908671,-1.487056382296518,-0.13313511969456257,-0.2580877378981361,0.005949042205110276,-0.44512459509405816,-0.6632026348134594,-0.25172283093105247,0.44661477641212455,0.058003917770595374,0.8582521843419949,-0.14927161034626407,-0.41091469225424726,0.12547090559158103,-35.424703432239774,-35.86982802733383,-34.97808865582765,-67.07617299043889,-35.57397504258604,-35.55783855193434,-37.22170020249852,-30.70372623690046
drift,36.431410372836424,18.344107786686294,0.028534206637503206,0.7258141825431792,0.906177335113535,fixed_initial,1.0,False,31.33981090768961,26.0,1.2045653372840615,0.08083036170451585,always,-6.497539456890681,-7.752306816083216,-5.637043625034347,-0.8596559512444273,-1.1905525861270352,-0.4974449820880743,-0.728422493022866,-1.0340605697694738,-0.41209578832506116,-2.9268712074664274,-3.7816469741851506,-2.086364735327607,-0.9021311669207769,-1.3967851689327755,-0.38647410995622916,-57.20470014350872,-57.933122636531586,-60.13157135097515,-84.92730266875454,-58.10683131042949,-58.064356094753144,-63.7022396003994,-51.44465531778786
drift,25.098998865857396,14.476395139306295,0.021091561822315606,0.3644309490864056,0.9674853274639766,fixed_initial,1.0,False,6.445369467134908,17.0,0.3721714508232872,-0.429256944546062,always,-1.8780733832060847,-2.760154436577396,-1.093474548680912,-0.26844586724647784,-0.38608059651787824,-0.15687122660854877,-0.5017622699313484,-0.8583559762912488,-0.17972521589426568,1.7544519849351616,0.9097899492197494,2.6462795181804935,-0.38951807822847473,-1.175774383341549,0.49159298955829733,-44.452229941146975,-44.95399221107832,-42.697777956211816,-73.64611473492997,-44.84174801937545,-44.72067580839345,-46.33030332435306,-35.69939127821742
drift,5.86025379027517,0.08093781847930681,0.008000662668979886,0.35582662954807,0.9808982811410534,fixed_initial,1.0,False,1.0,44.0,0.030390067138620545,-1.5172683404629916,always,-1.257747454356109,-2.4653514114819504,-0.2159522670459923,0.22066405086790047,-0.0073777266307956295,0.49517432146399176,0.11289381817900619,-0.10858874261488627,0.3387107004312759,-3.4061255044691,-5.073158631672875,-1.443963526761613,1.8250973528422787,0.5242192091247074,3.3273733254426814,-20.561991946380033,-20.449098128201026,-23.96811745084913,-72.05794596972949,-18.73689459353775,-20.34132789551213,-21.819739400736143,-9.093025468876064
drift,15.644937159970752,3.2970899768475093,0.0021480361845609025,0.47717950304589285,0.9320855691071344,fixed_initial,1.0,False,2.865984188657987,218.0,0.06657037819451822,-1.1767189757608756,always,-1.6644141954799738,-2.313884506989233,-1.086806646804063,-0.1345043742771285,-0.22656951332374708,-0.05031702819049232,-0.10838084395342022,-0.2239631021451412,0.01700574940068344,-2.1394790831303623,-2.5540401693792214,-1.7947093944724417,-0.2865293321287208,-0.5181845665717344,-0.050229662368523637,-24.8116803481994,-24.92006119215282,-26.951159431329764,-57.31060770444274,-25.098209680328118,-24.946184722476527,-26.476094543679373,-22.776241834827207
drift,30.001459440451274,8.605862241804779,0.005676959271113923,0.7861719095167383,0.988426644251194,fixed_initial,1.0,False,5.49576350175168,138.0,0.041448955010658706,-1.382486414180666,always,-1.4421263792308578,-1.9317329885972232,-1.004371263389238,-0.23063891550963406,-0.3951003605345168,-0.05360931180538358,-0.2502933477144886,-0.5366320259055481,0.044601298134585944,-0.7189051892365903,-0.9693076387459816,-0.4827520126827473,-1.1152711742756167,-1.3673943038435226,-0.8426930524516869,-44.87204159414694,-45.12233494186143,-45.59094678338353,-65.06630483556135,-45.98731276842256,-45.10268050965658,-46.3141679733778,-42.72902254810033
drift,7.911493567190727,11.058561241484387,0.004329733881454115,0.5573435854418185,0.9455007331009436,fixed_initial,1.0,False,6.4177790709019895,125.0,0.09369128905475514,-1.0283007857537807,always,-1.052383359650807,-1.690296381340324,-0.4489582634281863,0.14207209256378234,-0.0029677007105829542,0.30029734677527364,0.1357095301591599,0.02525311398169026,0.2289296808255512,-4.19013806651086,-5.370204369250856,-3.2938373890594477,1.5496717423126316,1.1078668931076796,1.9658423273019878,-19.107579056058125,-18.971869525898967,-23.29771712256899,-67.50766999951352,-17.557907313745496,-18.96550696349434,-20.159962415708932,-12.052295937635112
drift,32.07508118782962,16.530118368928132,0.039026456732732806,0.6270858128998831,0.9720939050881561,fixed_initial,1.0,False,17.666481727865843,16.0,1.0512304514829423,0.021697932808798837,always,-1.6320197215988983,-2.325884922661363,-0.976944798549906,-0.12912444350578484,-0.38893453273973316,0.06740288951734276,-0.7179084603171901,-1.0189315164363228,-0.4306707188034077,0.15375508992472361,-0.4726213647072631,0.7994052828489743,-1.376054513420599,-1.9413440441607124,-0.8128526396317641,-52.93017430723745,-53.64808276755465,-52.77641921731273,-77.43447613581279,-54.306228820658056,-53.059298750743245,-54.56219402883636,-45.62015149491666
