family,sigma,tau,hazard,avail,memory,default,cost,perfect,n_needed,n_avail,ratio,log10_ratio,best_fixed,adv_gate_lcb,adv_gate_lcb_lo,adv_gate_lcb_hi,adv_gate_gain,adv_gate_gain_lo,adv_gate_gain_hi,adv_band,adv_band_lo,adv_band_hi,adv_bocpd,adv_bocpd_lo,adv_bocpd_hi,adv_dro,adv_dro_lo,adv_dro_hi,np_always,np_band,np_bocpd,np_default,np_dro,np_gate_gain,np_gate_lcb,np_oracle,factor,level,vs_always_default,vs_always_default_lo,vs_always_default_hi,vs_always_band,vs_always_band_lo,vs_always_band_hi,vs_always_gate_gain,vs_always_gate_gain_lo,vs_always_gate_gain_hi,vs_always_gate_lcb,vs_always_gate_lcb_lo,vs_always_gate_lcb_hi,vs_always_bocpd,vs_always_bocpd_lo,vs_always_bocpd_hi,vs_always_dro,vs_always_dro_lo,vs_always_dro_hi,vs_always_oracle,vs_always_oracle_lo,vs_always_oracle_hi
jump,5.0,10.0,0.01,1.0,0.97,fixed_initial,1.0,False,1.0160827658055704,56.5,0.05,-1.3010299956639813,always,-0.020092677732684548,-0.4290008803852635,0.6180037523815745,0.42509577035834223,0.10172496079045851,0.9359314550755979,0.11730995270744042,-0.07233213144685216,0.35715819735168775,-3.762511927847787,-5.286316893366085,-2.344218760312285,5.428898277605144,4.266561707235896,6.523130159395818,-19.22817092365734,-19.110860970949904,-22.99068285150513,-85.17057759413738,-13.799272646052199,-18.803075153298998,-19.24826360139003,-7.981087811266873,sigma,5.0,-65.94240667048004,-85.43218449193176,-48.573360130274274,0.11730995270744042,-0.07233213144685216,0.35715819735168775,0.42509577035834223,0.10172496079045851,0.9359314550755979,-0.020092677732684548,-0.4290008803852635,0.6180037523815745,-3.762511927847787,-5.286316893366085,-2.344218760312285,5.428898277605144,4.266561707235896,6.523130159395818,11.24708311239047,9.758948059588318,12.63003378454654
jump,20.0,10.0,0.01,1.0,0.97,fixed_initial,1.0,False,19.60565507063257,61.0,0.6639506195751175,-0.1778642194926996,always,-0.229028862986576,-0.4223548303329744,-0.040851837831342795,0.20734239893191636,0.10147375000507809,0.3285540691144329,-0.08957174326559318,-0.436871637457163,0.256646131038028,1.2311139796862185,0.6472328090488586,1.874224219257287,0.34593495617852665,-0.22225793815886233,0.9075639091343162,-32.74242078853173,-32.831992531797326,-31.511306808845518,-68.30266569532542,-32.39648583235321,-32.53507838959982,-32.97144965151831,-29.235074882619397,sigma,20.0,-35.56024490679367,-52.88857712175691,-22.264303500013963,-0.08957174326559318,-0.436871637457163,0.256646131038028,0.20734239893191636,0.10147375000507809,0.3285540691144329,-0.229028862986576,-0.4223548303329744,-0.040851837831342795,1.2311139796862185,0.6472328090488586,1.874224219257287,0.34593495617852665,-0.22225793815886233,0.9075639091343162,3.5073459059123393,2.678082556207458,4.291630090513409
jump,40.0,10.0,0.01,1.0,0.97,fixed_initial,1.0,False,14.608281862732778,69.5,0.5347948515326547,-0.2718127823407208,always,-1.2309838819290113,-1.4761930622381672,-0.9505686847260539,-0.3359860875403761,-0.489876516586761,-0.16470418911715887,-0.5339786990734744,-0.8285432372615167,-0.20926323745006914,-4.518811572856512,-5.656865419895505,-3.336914166372554,-1.1957698027792163,-1.4765248592707891,-0.9114309142369309,-58.6487124025616,-59.18269110163508,-63.16752397541811,-97.79377824304332,-59.84448220534082,-58.98469849010197,-59.87969628449061,-56.36684690241485,sigma,40.0,-39.14506584048173,-49.20088232591017,-30.074979184748656,-0.5339786990734744,-0.8285432372615167,-0.20926323745006914,-0.3359860875403761,-0.489876516586761,-0.16470418911715887,-1.2309838819290113,-1.4761930622381672,-0.9505686847260539,-4.518811572856512,-5.656865419895505,-3.336914166372554,-1.1957698027792163,-1.4765248592707891,-0.9114309142369309,2.281865500146749,1.9161975004942513,2.65230139865796
jump,20.0,0.0,0.01,1.0,0.97,fixed_initial,1.0,False,3.2055383559708157,65.0,0.31528630416557496,-0.5012948943155371,always,-0.40844343239812736,-0.6342246088193033,-0.17189546445898793,0.03413153936911719,-0.06117410851019559,0.17630754782019503,0.0579718295475665,-0.13239145750637007,0.2588843483768737,0.9324591901932802,0.6792024040506638,1.1915855844746688,0.3635226130549828,0.03498307848087586,0.6614549622629944,-31.96675387972392,-31.90878205017636,-31.034294689530647,-94.9734829643516,-31.60323126666894,-31.932622340354804,-32.375197312122054,-28.652108598692223,tau,0.0,-63.00672908462768,-85.55634167912827,-39.36602511079448,0.0579718295475665,-0.13239145750637007,0.2588843483768737,0.03413153936911719,-0.06117410851019559,0.17630754782019503,-0.40844343239812736,-0.6342246088193033,-0.17189546445898793,0.9324591901932802,0.6792024040506638,1.1915855844746688,0.3635226130549828,0.03498307848087586,0.6614549622629944,3.314645281031703,2.8602184187431083,3.8613670453585085
jump,20.0,10.0,0.01,1.0,0.97,fixed_initial,1.0,False,3.046126863238809,57.5,0.1264047896482739,-0.8982364697371316,always,-0.38184378691603804,-0.6002384419880431,-0.158020231416607,0.02921463521321499,-0.08871925786933584,0.13536874353045655,-0.19125897841207867,-0.386264624069349,0.010386336210336815,0.9246859947513641,0.37144158872833255,1.6845221144805675,0.09008035047226529,-0.2955072619477094,0.6297373051573365,-32.168153711216746,-32.359412689628826,-31.243467716465382,-83.54347794330876,-32.07807336074448,-32.138939076003524,-32.54999749813278,-28.870541977912143,tau,10.0,-51.37532423209201,-71.31465054941008,-31.783896907409463,-0.19125897841207867,-0.386264624069349,0.010386336210336815,0.02921463521321499,-0.08871925786933584,0.13536874353045655,-0.38184378691603804,-0.6002384419880431,-0.158020231416607,0.9246859947513641,0.37144158872833255,1.6845221144805675,0.09008035047226529,-0.2955072619477094,0.6297373051573365,3.2976117333046018,2.571583600117716,4.256635991810184
jump,20.0,30.0,0.01,1.0,0.97,fixed_initial,1.0,False,9.10726839418637,65.0,0.13393041756156426,-0.8731207771409855,always,-0.6944114046295233,-1.2977608403494025,-0.037522240565508305,-0.05878998426329858,-0.39376330259097864,0.2877576465832973,-0.17686083023210486,-0.7328828118148967,0.33350387811911136,3.8000602353795356,3.229587317025392,4.385185564863635,-0.6455044694273013,-1.3345234144779483,0.12515016541403529,-37.236499929293224,-37.41336075952533,-33.43643969391369,-81.68086525246113,-37.882004398720525,-37.29528991355652,-37.930911333922744,-28.83004054181011,tau,30.0,-44.444365323167915,-67.82061061560658,-25.958636346863198,-0.17686083023210486,-0.7328828118148967,0.33350387811911136,-0.05878998426329858,-0.39376330259097864,0.2877576465832973,-0.6944114046295233,-1.2977608403494025,-0.037522240565508305,3.8000602353795356,3.229587317025392,4.385185564863635,-0.6455044694273013,-1.3345234144779483,0.12515016541403529,8.406459387483114,7.7034237500142915,9.182189662113641
jump,20.0,10.0,0.002,1.0,0.97,fixed_initial,1.0,False,45.907970032065,244.0,0.11286611911820478,-0.9474364078385273,always,-0.03313180272907168,-0.612698161723841,0.5057261093660287,0.4108809823009878,0.14933681225105835,0.6594483339874968,0.20073510355045876,-0.18016072930133606,0.5205041841929037,0.7092947463670178,0.3100942386079256,1.1781983874705575,-0.3615558497250351,-0.5847055377028876,-0.10880492368023685,-30.58901361967231,-30.38827851612185,-29.879718873305297,-52.48489186645912,-30.950569469397344,-30.178132637371323,-30.62214542240138,-28.567078797813974,hazard,0.002,-21.895878246786808,-35.497699699311745,-9.6391143081373,0.20073510355045876,-0.18016072930133606,0.5205041841929037,0.4108809823009878,0.14933681225105835,0.6594483339874968,-0.03313180272907168,-0.612698161723841,0.5057261093660287,0.7092947463670178,0.3100942386079256,1.1781983874705575,-0.3615558497250351,-0.5847055377028876,-0.10880492368023685,2.021934821858335,1.5475320116892683,2.5923156869424417
jump,20.0,10.0,0.01,1.0,0.97,fixed_initial,1.0,False,2.774967138012875,64.0,0.06306285768987281,-1.200226353112018,always,-0.3842545724328314,-0.6396991966544618,-0.14292888785691793,0.023187636295603296,-0.13281519689341348,0.1755734088149891,-0.07485857341107867,-0.342865108383177,0.1533197046124323,1.8127714060068008,1.1255522683232568,2.522487441846386,0.8975187451032625,0.40473328152756355,1.4153481505151118,-32.691145711556054,-32.76600428496714,-30.878374305549254,-79.74961773843079,-31.79362696645279,-32.66795807526045,-33.075400283988884,-28.50670418002453,hazard,0.01,-47.05847202687474,-64.81859748990976,-31.76618670362713,-0.07485857341107867,-0.342865108383177,0.1533197046124323,0.023187636295603296,-0.13281519689341348,0.1755734088149891,-0.3842545724328314,-0.6396991966544618,-0.14292888785691793,1.8127714060068008,1.1255522683232568,2.522487441846386,0.8975187451032625,0.40473328152756355,1.4153481505151118,4.184441531531528,3.5268831006425567,4.895188204093599
jump,20.0,10.0,0.05,1.0,0.97,fixed_initial,1.0,False,4.299992071213814,15.0,0.4508208641478777,-0.34599599285971044,always,-0.32316199957000863,-0.6013453633914676,-0.04932814760594368,0.10270160975368015,-0.056576281246752465,0.26417251160410526,-0.3803184111951964,-0.7237329652477938,-0.006206639003082463,4.81274415662969,3.98473315328882,5.769591078292249,2.4026971683207137,1.4858211817243663,3.3130654853182366,-38.890928904451286,-39.27124731564648,-34.078184747821595,-85.25844826630691,-36.48823173613057,-38.788227294697606,-39.21409090402129,-28.850606437573663,hazard,0.05,-46.36751936185563,-58.30559913978696,-35.11448013223404,-0.3803184111951964,-0.7237329652477938,-0.006206639003082463,0.10270160975368015,-0.056576281246752465,0.26417251160410526,-0.32316199957000863,-0.6013453633914676,-0.04932814760594368,4.81274415662969,3.98473315328882,5.769591078292249,2.4026971683207137,1.4858211817243663,3.3130654853182366,10.04032246687762,8.9653540329609,11.185712715571734
jump,20.0,10.0,0.01,1.0,0.97,fixed_initial,1.0,False,3.3148976613000585,58.0,0.10978538163142508,-0.9594554841069085,always,-0.41266391824500237,-0.6706959584190834,-0.17896214388913145,0.027556952302505166,-0.10050504474983543,0.1582522817512262,-0.1728764373063914,-0.40684237901778364,0.023653830056905138,1.3862864328647415,0.7434477007879182,2.100189862395358,0.38702406599760125,-0.19002141652839377,1.0148587896975392,-32.141316005658794,-32.31419244296519,-30.75502957279405,-90.89223570728265,-31.754291939661194,-32.11375905335628,-32.553979923903796,-28.680425209761456,avail,1.0,-58.750919701623864,-79.00550961694671,-39.047153134784395,-0.1728764373063914,-0.40684237901778364,0.023653830056905138,0.027556952302505166,-0.10050504474983543,0.1582522817512262,-0.41266391824500237,-0.6706959584190834,-0.17896214388913145,1.3862864328647415,0.7434477007879182,2.100189862395358,0.38702406599760125,-0.19002141652839377,1.0148587896975392,3.4608907958973374,2.6720243359882336,4.325034028776674
jump,20.0,10.0,0.01,0.5,0.97,fixed_initial,1.0,False,2.015738244271093,34.0,0.12006843931146852,-0.9205711344301548,always,-0.800564275690526,-1.3508929840900927,-0.33673240368467994,-0.028471981050547157,-0.10906209350672867,0.05905540800380833,-0.016870791961946095,-0.06212019406940983,0.02389827627432507,1.3535150364635729,0.9289160475902921,1.789876936154824,0.534972585972152,0.28440098961800236,0.7639623158113525,-32.80411941597566,-32.82099020793761,-31.450604379512093,-97.43632260894461,-32.269146830003514,-32.83259139702621,-33.60468369166619,-28.92224459920407,avail,0.5,-64.63220319296893,-99.96032768871945,-34.83823824766755,-0.016870791961946095,-0.06212019406940983,0.02389827627432507,-0.028471981050547157,-0.10906209350672867,0.05905540800380833,-0.800564275690526,-1.3508929840900927,-0.33673240368467994,1.3535150364635729,0.9289160475902921,1.789876936154824,0.534972585972152,0.28440098961800236,0.7639623158113525,3.881874816771595,3.3321037471959096,4.4849026236471765
jump,20.0,10.0,0.01,0.2,0.97,fixed_initial,1.0,False,5.628164177197167,10.0,0.773990628832508,-0.1112642975483331,always,-2.223064257099201,-3.9615998142796656,-0.43274535221502847,-0.04999141585668383,-0.5973483011485166,0.6272918083505105,-0.1689017561828429,-0.5640388013406689,0.3248577984573295,3.566965895881117,2.4336607582417664,4.719763663656467,1.2095973487967293,0.23239300971021876,2.27837278450368,-37.188112965424715,-37.35701472160756,-33.621147069543596,-88.515877060825,-35.97851561662799,-37.2381043812814,-39.41117722252392,-28.69558434939855,avail,0.2,-51.32776409540029,-74.2485279713056,-29.97003030041031,-0.1689017561828429,-0.5640388013406689,0.3248577984573295,-0.04999141585668383,-0.5973483011485166,0.6272918083505105,-2.223064257099201,-3.9615998142796656,-0.43274535221502847,3.566965895881117,2.4336607582417664,4.719763663656467,1.2095973487967293,0.23239300971021876,2.27837278450368,8.492528616026167,6.8919788520008725,10.144625771633446
jump,20.0,10.0,0.01,1.0,0.9,fixed_initial,1.0,False,5.699544447874898,67.5,0.10379322229024349,-0.9838310050429682,always,-0.6668754749211068,-0.9206974302992186,-0.41292034424778884,0.01885347072359487,-0.1485526018890905,0.24665066168207314,0.10868205123904814,-0.1709811116908593,0.4143455168887806,1.227492908582987,0.9583210047270055,1.5295587068132348,0.16972599202156785,-0.1380614562071518,0.46139859262513744,-31.832656837830235,-31.723974786591185,-30.605163929247244,-106.30796718694482,-31.662930845808667,-31.813803367106637,-32.49953231275134,-28.69507287010473,memory,0.9,-74.4753103491146,-100.22525344847529,-51.60338179711811,0.10868205123904814,-0.1709811116908593,0.4143455168887806,0.01885347072359487,-0.1485526018890905,0.24665066168207314,-0.6668754749211068,-0.9206974302992186,-0.41292034424778884,1.227492908582987,0.9583210047270055,1.5295587068132348,0.16972599202156785,-0.1380614562071518,0.46139859262513744,3.1375839677255044,2.613237927012083,3.6042075669032063
jump,20.0,10.0,0.01,1.0,0.97,fixed_initial,1.0,False,2.115664932455228,64.0,0.08536274019326619,-1.068731652256103,always,-0.5212949487338598,-0.666380856284175,-0.3546353570044757,-0.031078954140301818,-0.10358736118374401,0.06339950446869468,-0.08411274906300932,-0.388006720485352,0.11320857789908842,0.7787561453375684,0.28076600658205175,1.3048847302813629,-0.07457235275297691,-0.4822798836945925,0.37105382406632953,-31.818630705293394,-31.902743454356404,-31.039874559955827,-82.36682529138639,-31.893203058046375,-31.8497096594337,-32.339925654027255,-29.05158234125197,memory,0.97,-50.548194586093,-76.40625718944626,-28.377745321174473,-0.08411274906300932,-0.388006720485352,0.11320857789908842,-0.031078954140301818,-0.10358736118374401,0.06339950446869468,-0.5212949487338598,-0.666380856284175,-0.3546353570044757,0.7787561453375684,0.28076600658205175,1.3048847302813629,-0.07457235275297691,-0.4822798836945925,0.37105382406632953,2.7670483640414285,2.296949200330993,3.294380007792223
jump,20.0,10.0,0.01,1.0,0.995,fixed_initial,1.0,False,3.4122509207409455,67.0,0.060517652490300715,-1.2181179268200673,always,-0.40088806638703256,-0.5655289441864444,-0.24079505995225622,-0.061128139959883754,-0.15805081906373836,0.048667636965414096,-0.2800106734748532,-0.5237845639020237,-0.04287605548922932,0.7304940900132454,0.21330393361340758,1.3959259226099205,-0.032384197831208536,-0.30111261601030054,0.3072739590900142,-31.452492545663652,-31.73250321913851,-30.721998455650407,-69.5862981388586,-31.484876743494862,-31.51362068562354,-31.85338061205069,-28.610526707581663,memory,0.995,-38.133805593194936,-59.10094285716497,-22.862525744702708,-0.2800106734748532,-0.5237845639020237,-0.04287605548922932,-0.061128139959883754,-0.15805081906373836,0.048667636965414096,-0.40088806638703256,-0.5655289441864444,-0.24079505995225622,0.7304940900132454,0.21330393361340758,1.3959259226099205,-0.032384197831208536,-0.30111261601030054,0.3072739590900142,2.8419658380819923,2.264833189278391,3.4893395850356157
jump,20.0,10.0,0.01,1.0,0.97,slow,1.0,False,37.68533466930658,84.0,0.544267361761812,-0.26418770836479644,always,0.4220795001817514,0.08736354127617779,0.742622185553178,0.5746503517382184,0.32707141949940205,0.8416395819148246,0.27456785774115355,-0.15077878182775742,0.7063421458242121,1.2414127158024009,0.4336934027700274,2.1628385502296754,0.5584924041258834,0.049267307206275465,1.1708729520795214,-32.26332550970411,-31.98875765196296,-31.02191279390171,-35.746960873040216,-31.704833105578228,-31.688675157965896,-31.841246009522358,-28.761827983321115,default,slow,-3.483635363336107,-4.641080990008175,-2.1154627728613415,0.27456785774115355,-0.15077878182775742,0.7063421458242121,0.5746503517382184,0.32707141949940205,0.8416395819148246,0.4220795001817514,0.08736354127617779,0.742622185553178,1.2414127158024009,0.4336934027700274,2.1628385502296754,0.5584924041258834,0.049267307206275465,1.1708729520795214,3.5014975263829955,2.6240362841151565,4.472946548999554
jump,20.0,10.0,0.01,1.0,0.97,fixed_initial,1.0,False,4.193740904675103,58.5,0.14272693070820142,-0.8454940734553014,always,-0.3641897999112313,-0.5839005782611032,-0.16932115893945762,-0.00918486708041435,-0.0840541466337761,0.0743611302903968,-0.15779770128322496,-0.31918581484691183,0.023212212254052993,0.7854631128390406,0.15971426434101008,1.3726104791393685,0.07863397800953678,-0.30447216661942694,0.4584043141014319,-31.6683012389949,-31.826098940278126,-30.88283812615586,-81.18290089627861,-31.58966726098537,-31.677486106075314,-32.03249103890613,-28.860526904309626,default,fixed_initial,-49.51459965728371,-62.69561455601511,-38.877691099431864,-0.15779770128322496,-0.31918581484691183,0.023212212254052993,-0.00918486708041435,-0.0840541466337761,0.0743611302903968,-0.3641897999112313,-0.5839005782611032,-0.16932115893945762,0.7854631128390406,0.15971426434101008,1.3726104791393685,0.07863397800953678,-0.30447216661942694,0.4584043141014319,2.807774334685276,2.14810807886541,3.463083987699352
jump,20.0,10.0,0.01,1.0,0.97,biased,1.0,False,1.0,57.5,0.04083333333333333,-1.3889851660191113,always,-0.5656647080779731,-0.7930949656192944,-0.31865882157285524,0.018690581872260737,-0.13865499560661088,0.19425416420890507,-0.00992740435731072,-0.3352187985771106,0.2651589591281357,0.5566778542727875,0.16305557706012952,0.9522257086307091,-0.08872319612395252,-0.3732877605215699,0.3009232853031925,-31.187092520734133,-31.197019925091446,-30.63041466646134,-172.9382421952028,-31.275815716858084,-31.16840193886187,-31.752757228812108,-28.678743430342035,default,biased,-141.75114967446868,-208.31724771002663,-76.99816641116657,-0.00992740435731072,-0.3352187985771106,0.2651589591281357,0.018690581872260737,-0.13865499560661088,0.19425416420890507,-0.5656647080779731,-0.7930949656192944,-0.31865882157285524,0.5566778542727875,0.16305557706012952,0.9522257086307091,-0.08872319612395252,-0.3732877605215699,0.3009232853031925,2.508349090392094,2.0827636590194194,3.0647261710560634
